episode,total_steps,ep_len,norm_ret,mean_loss,episode_status
1221,965102,800,0.393071,0.405837,0
1222,965902,800,0.800622,0.417854,0
