episode,total_steps,ep_len,norm_ret,mean_loss,episode_status
1071,846098,800,0.782000,0.756983,0
1072,846898,800,0.792971,0.742917,0
